Year,Team,With Top 5 Players,Total VORP,Total TS%,Total TRB%,Total AST%,Total BPM,Total WS,Total WS/48,Wins,Losses,Total Games,Win %
2001,ATL,True,1.34,61.559999999999995,16.04,27.920000000000005,1.6400000000000001,4.4,0.12179999999999999,25,57,82,0.3048780487804878
2001,BOS,True,2.04,54.0,12.680000000000001,24.54,1.44,5.64,0.1232,36,46,82,0.43902439024390244
2001,CHH,True,1.5799999999999998,54.52000000000001,13.26,25.380000000000003,0.82,6.279999999999999,0.1312,46,36,82,0.5609756097560976
2001,CHI,True,0.8400000000000001,52.14000000000001,12.72,16.38,-0.24,3.3400000000000007,0.1026,15,67,82,0.18292682926829268
2001,CLE,True,1.32,55.22,14.559999999999999,36.220000000000006,1.3599999999999999,4.04,0.12940000000000002,30,52,82,0.36585365853658536
2001,DAL,True,1.7399999999999998,56.720000000000006,14.74,20.18,0.5600000000000002,5.92,0.11359999999999999,53,29,82,0.6463414634146342
2001,DEN,True,1.44,55.94,14.26,24.54,0.6,5.1,0.1214,40,42,82,0.4878048780487805
2001,DET,True,1.44,58.48,16.08,17.8,1.0,5.839999999999999,0.15099999999999997,32,50,82,0.3902439024390244
2001,GSW,True,1.12,55.279999999999994,15.98,24.1,1.26,3.0599999999999996,0.1246,17,65,82,0.2073170731707317
2001,HOU,True,1.46,55.94,15.059999999999999,20.94,1.06,5.02,0.1262,45,37,82,0.5487804878048781
2001,IND,True,1.94,58.24,16.839999999999996,14.419999999999998,2.0,6.34,0.1826,41,41,82,0.5
2001,LAC,True,0.48,53.879999999999995,14.459999999999999,19.419999999999998,-0.17999999999999988,2.16,0.0898,31,51,82,0.3780487804878049
2001,LAL,True,3.5800000000000005,54.36,12.540000000000001,20.700000000000003,3.4800000000000004,8.820000000000002,0.17060000000000003,56,26,82,0.6829268292682927
2001,MIA,True,3.2,57.68000000000001,14.98,25.22,2.94,8.6,0.1666,50,32,82,0.6097560975609756
2001,MIL,True,2.3600000000000003,55.3,13.919999999999998,22.86,1.32,6.919999999999999,0.129,52,30,82,0.6341463414634146
2001,MIN,True,2.7800000000000002,54.620000000000005,14.26,24.1,2.34,6.7,0.1374,47,35,82,0.573170731707317
2001,NJN,True,1.4200000000000002,56.920000000000016,15.24,24.580000000000002,0.8799999999999999,5.24,0.1366,26,56,82,0.3170731707317073
2001,NYK,True,2.4799999999999995,55.620000000000005,15.479999999999999,28.060000000000002,2.2,7.360000000000001,0.158,48,34,82,0.5853658536585366
2001,ORL,True,3.4,55.379999999999995,12.180000000000001,27.7,3.4799999999999995,7.040000000000001,0.1418,43,39,82,0.524390243902439
2001,PHI,True,2.38,56.82000000000001,17.4,24.919999999999998,2.16,6.88,0.1466,56,26,82,0.6829268292682927
2001,PHO,True,2.9400000000000004,55.34,14.14,25.02,2.8600000000000003,7.7,0.159,51,31,82,0.6219512195121951
2001,POR,True,2.8600000000000003,56.800000000000004,16.54,25.939999999999998,2.6999999999999997,8.34,0.17100000000000004,50,32,82,0.6097560975609756
2001,SAC,True,2.7,57.75999999999999,13.0,23.9,2.8600000000000003,6.58,0.16719999999999996,55,27,82,0.6707317073170732
2001,SAS,True,3.06,57.08,16.16,22.52,3.3199999999999994,8.239999999999998,0.1776,58,24,82,0.7073170731707317
2001,SEA,True,2.7800000000000002,56.96,13.64,21.240000000000002,2.1,7.4,0.1434,44,38,82,0.5365853658536586
2001,TOR,True,2.4799999999999995,56.26,16.380000000000003,28.9,2.2399999999999998,7.279999999999999,0.14579999999999999,47,35,82,0.573170731707317
2001,UTA,True,3.44,56.10000000000001,15.64,27.6,3.2399999999999998,8.66,0.16799999999999998,53,29,82,0.6463414634146342
2001,VAN,True,1.7599999999999998,54.04000000000001,14.280000000000001,22.720000000000002,0.5200000000000001,5.56,0.0984,23,59,82,0.2804878048780488
2001,WAS,True,1.2200000000000002,56.54,17.6,22.9,0.6,4.26,0.11239999999999999,19,63,82,0.23170731707317074
2002,ATL,True,1.7600000000000002,54.92,14.12,20.439999999999998,1.28,5.14,0.1296,33,49,82,0.4024390243902439
2002,BOS,True,2.3600000000000003,54.779999999999994,13.16,22.560000000000002,1.34,5.9399999999999995,0.11679999999999999,49,33,82,0.5975609756097561
2002,CHH,True,2.28,52.980000000000004,15.539999999999997,24.18,1.3800000000000001,7.659999999999999,0.129,44,38,82,0.5365853658536586
2002,CHI,True,1.7,54.620000000000005,13.280000000000001,26.079999999999995,1.42,5.62,0.1316,21,61,82,0.25609756097560976
2002,CLE,True,1.06,53.57999999999999,14.819999999999999,24.5,0.82,4.58,0.12079999999999999,29,53,82,0.35365853658536583
2002,DAL,True,3.56,57.24,15.4,31.26,2.88,8.94,0.17160000000000003,57,25,82,0.6951219512195121
2002,DEN,True,2.14,54.24,19.02,28.1,1.38,6.24,0.1276,27,55,82,0.32926829268292684
2002,DET,True,2.32,53.64,12.3,22.66,1.5399999999999998,5.44,0.11779999999999999,50,32,82,0.6097560975609756
2002,GSW,True,0.9999999999999998,54.18000000000001,16.32,19.82,0.5999999999999999,3.16,0.1242,21,61,82,0.25609756097560976
2002,HOU,True,2.2600000000000002,55.92,12.419999999999998,16.880000000000003,1.4600000000000002,6.7,0.13820000000000002,28,54,82,0.34146341463414637
2002,IND,True,2.06,56.3,15.979999999999999,24.26,1.5599999999999998,6.92,0.142,42,40,82,0.5121951219512195
2002,LAC,True,2.0,54.300000000000004,14.959999999999999,28.660000000000004,1.36,5.779999999999999,0.11879999999999999,39,43,82,0.47560975609756095
2002,LAL,True,3.1,55.78000000000001,14.280000000000001,19.580000000000002,2.88,7.700000000000001,0.159,58,24,82,0.7073170731707317
2002,MEM,True,0.32000000000000006,50.2,13.48,25.880000000000003,-1.2,2.62,0.0758,23,59,82,0.2804878048780488
2002,MIA,True,1.36,53.28000000000001,17.1,24.28,1.54,5.199999999999999,0.13520000000000001,36,46,82,0.43902439024390244
2002,MIL,True,3.0800000000000005,56.3,14.84,24.54,2.2600000000000002,9.2,0.1562,41,41,82,0.5
2002,MIN,True,2.6199999999999997,53.639999999999986,14.9,27.98,1.6800000000000002,7.160000000000001,0.133,50,32,82,0.6097560975609756
2002,NJN,True,1.58,55.379999999999995,14.02,22.9,0.7800000000000001,5.08,0.14079999999999998,52,30,82,0.6341463414634146
2002,NYK,True,2.38,57.199999999999996,16.700000000000003,24.06,2.2199999999999998,7.94,0.169,30,52,82,0.36585365853658536
2002,ORL,True,3.2,57.879999999999995,14.9,24.72,3.72,8.12,0.1526,44,38,82,0.5365853658536586
2002,PHI,True,2.1999999999999997,52.900000000000006,17.66,31.7,1.6599999999999997,5.720000000000001,0.1328,43,39,82,0.524390243902439
2002,PHO,True,2.7800000000000002,57.10000000000001,14.3,24.02,3.1399999999999997,7.340000000000001,0.1602,36,46,82,0.43902439024390244
2002,POR,True,2.8999999999999995,55.26000000000002,14.219999999999999,23.34,2.64,8.02,0.1528,49,33,82,0.5975609756097561
2002,SAC,True,3.2600000000000002,54.16,13.819999999999999,25.52,2.58,8.52,0.1598,61,21,82,0.7439024390243902
2002,SAS,True,3.0599999999999996,66.28,14.499999999999996,18.88,2.96,9.1,0.1816,58,24,82,0.7073170731707317
2002,SEA,True,2.2600000000000007,57.400000000000006,15.6,21.8,1.9600000000000002,5.86,0.1412,45,37,82,0.5487804878048781
2002,TOR,True,2.42,53.180000000000014,15.76,21.380000000000003,2.5,6.82,0.1552,42,40,82,0.5121951219512195
2002,UTA,True,3.4799999999999995,57.11999999999999,14.88,24.360000000000003,3.5,8.6,0.1796,44,38,82,0.5365853658536586
2002,WAS,True,0.15999999999999998,53.900000000000006,13.12,15.959999999999999,-1.4400000000000002,2.1799999999999997,0.08380000000000001,37,45,82,0.45121951219512196
2003,ATL,True,1.7399999999999998,55.34000000000001,14.280000000000001,21.04,0.6000000000000001,5.220000000000001,0.11879999999999999,35,47,82,0.4268292682926829
2003,BOS,True,2.38,55.48,13.36,19.68,2.1000000000000005,6.04,0.1478,44,38,82,0.5365853658536586
2003,CHI,True,0.68,54.44000000000001,14.560000000000002,20.380000000000003,-0.040000000000000015,3.2399999999999998,0.0998,30,52,82,0.36585365853658536
2003,CLE,True,0.5,50.8,15.48,19.94,-1.26,2.56,0.07520000000000002,17,65,82,0.2073170731707317
2003,DAL,True,2.96,57.120000000000005,15.419999999999998,28.140000000000004,2.88,7.68,0.1608,60,22,82,0.7317073170731707
2003,DEN,True,0.8400000000000001,54.84,15.12,25.860000000000003,0.39999999999999997,3.5799999999999996,0.1238,17,65,82,0.2073170731707317
2003,DET,True,2.5800000000000005,58.08,14.26,27.0,3.1,7.38,0.17639999999999997,50,32,82,0.6097560975609756
2003,GSW,True,1.0,52.56000000000001,13.86,25.74,0.12000000000000002,4.12,0.0996,38,44,82,0.4634146341463415
2003,HOU,True,1.3,53.82,12.8,18.740000000000002,0.12,4.6,0.0946,43,39,82,0.524390243902439
2003,IND,True,1.54,55.55999999999999,15.0,26.1,1.06,5.66,0.1296,48,34,82,0.5853658536585366
2003,LAC,True,2.7400000000000007,56.98000000000001,13.64,22.720000000000002,2.54,7.459999999999999,0.1504,27,55,82,0.32926829268292684
2003,LAL,True,3.3600000000000003,55.14,14.36,19.18,3.5,8.719999999999999,0.182,50,32,82,0.6097560975609756
2003,MEM,True,1.94,55.080000000000005,11.920000000000002,26.74,0.8399999999999999,5.499999999999999,0.1032,28,54,82,0.34146341463414637
2003,MIA,True,1.16,50.66,14.040000000000001,24.94,0.07999999999999999,4.24,0.11939999999999999,25,57,82,0.3048780487804878
2003,MIL,True,3.18,56.24,12.38,28.740000000000002,2.98,8.24,0.1524,42,40,82,0.5121951219512195
2003,MIN,True,2.66,65.0,14.84,21.619999999999997,1.7,7.3199999999999985,0.15499999999999997,51,31,82,0.6219512195121951
2003,NJN,True,2.56,55.699999999999996,12.559999999999999,24.4,2.1799999999999997,7.26,0.1504,49,33,82,0.5975609756097561
2003,NOH,True,2.16,55.74,16.759999999999998,26.96,1.42,6.9799999999999995,0.1444,47,35,82,0.573170731707317
2003,NYK,True,0.9,53.26,14.4,19.52,-0.2,4.24,0.095,37,45,82,0.45121951219512196
2003,ORL,True,2.7399999999999998,55.66000000000001,15.0,25.04,2.3,7.260000000000001,0.13920000000000002,42,40,82,0.5121951219512195
2003,PHI,True,2.16,56.24,15.559999999999999,24.740000000000002,2.08,6.040000000000001,0.14020000000000002,48,34,82,0.5853658536585366
2003,PHO,True,1.8199999999999998,55.419999999999995,14.64,25.18,1.7200000000000002,5.159999999999999,0.11639999999999999,44,38,82,0.5365853658536586
2003,POR,True,2.3200000000000003,54.67999999999999,15.26,24.020000000000003,2.08,7.339999999999999,0.1504,50,32,82,0.6097560975609756
2003,SAC,True,3.0000000000000004,56.96,15.059999999999999,21.919999999999998,3.14,8.239999999999998,0.17,59,23,82,0.7195121951219512
2003,SAS,True,2.84,57.86,16.759999999999998,21.02,2.48,8.5,0.174,60,22,82,0.7317073170731707
2003,SEA,True,4.3,58.419999999999995,13.080000000000002,27.579999999999995,4.08,9.959999999999999,0.17420000000000002,40,42,82,0.4878048780487805
2003,TOR,True,1.8,56.68000000000001,15.86,25.54,1.6199999999999999,5.720000000000001,0.1562,24,58,82,0.2926829268292683
2003,UTA,True,3.04,55.800000000000004,14.219999999999999,31.439999999999998,2.9799999999999995,7.9799999999999995,0.15439999999999998,47,35,82,0.573170731707317
2003,WAS,True,1.52,55.50000000000001,15.919999999999998,28.360000000000003,1.46,3.6199999999999997,0.13319999999999999,37,45,82,0.45121951219512196
2004,ATL,True,2.2800000000000002,60.099999999999994,16.2,24.68,2.9200000000000004,6.88,0.1754,28,54,82,0.34146341463414637
2004,BOS,True,1.8599999999999999,55.31999999999999,13.36,24.3,0.8800000000000001,6.36,0.1436,36,46,82,0.43902439024390244
2004,CHI,True,1.3,55.42,15.16,24.060000000000002,0.44000000000000006,4.54,0.1072,23,59,82,0.2804878048780488
2004,CLE,True,0.9400000000000001,55.31999999999999,15.220000000000002,23.4,-0.27999999999999997,5.2,0.12419999999999998,35,47,82,0.4268292682926829
2004,DAL,True,3.6799999999999997,57.9,14.36,22.520000000000003,3.46,10.059999999999999,0.192,52,30,82,0.6341463414634146
2004,DEN,True,1.28,54.44000000000001,14.440000000000001,22.6,2.0799999999999996,4.220000000000001,0.1282,43,39,82,0.524390243902439
2004,DET,True,2.6599999999999997,56.18000000000001,14.64,22.939999999999998,2.28,8.239999999999998,0.15960000000000002,54,28,82,0.6585365853658537
2004,GSW,True,1.1199999999999999,53.400000000000006,16.119999999999997,23.119999999999997,0.36,4.58,0.10959999999999999,37,45,82,0.45121951219512196
2004,HOU,True,2.2199999999999998,55.68000000000001,15.66,25.259999999999998,1.5,7.2,0.1482,45,37,82,0.5487804878048781
2004,IND,True,2.1199999999999997,54.400000000000006,15.580000000000002,27.4,2.1199999999999997,6.540000000000001,0.1592,61,21,82,0.7439024390243902
2004,LAC,True,1.18,56.50000000000001,13.459999999999999,17.28,0.6799999999999999,4.0600000000000005,0.1442,28,54,82,0.34146341463414637
2004,LAL,True,4.32,54.580000000000005,13.379999999999999,25.6,4.58,10.120000000000001,0.1768,56,26,82,0.6829268292682927
2004,MEM,True,1.92,57.13999999999999,13.66,22.44,1.3399999999999999,5.640000000000001,0.1234,50,32,82,0.6097560975609756
2004,MIA,True,1.4,52.68000000000001,15.74,20.5,0.8,4.62,0.10740000000000001,42,40,82,0.5121951219512195
2004,MIL,True,1.6199999999999999,56.36,15.3,23.32,1.42,5.14,0.13740000000000002,41,41,82,0.5
2004,MIN,True,3.1599999999999997,55.300000000000004,14.419999999999998,23.8,2.4,7.760000000000001,0.1506,58,24,82,0.7073170731707317
2004,NJN,True,3.2600000000000002,54.92,13.020000000000001,24.119999999999997,3.3200000000000003,8.68,0.178,47,35,82,0.573170731707317
2004,NOH,True,2.56,54.48,14.88,28.419999999999998,1.9800000000000004,7.56,0.1416,41,41,82,0.5
2004,NYK,True,2.1399999999999997,57.31999999999999,16.1,30.7,2.08,6.840000000000001,0.13640000000000002,39,43,82,0.47560975609756095
2004,ORL,True,2.6,54.620000000000005,13.540000000000001,24.9,2.04,6.660000000000001,0.1306,21,61,82,0.25609756097560976
2004,PHI,True,2.12,52.96000000000001,18.080000000000002,20.220000000000002,1.0799999999999998,6.22,0.1244,33,49,82,0.4024390243902439
2004,PHO,True,2.62,57.10000000000001,15.24,28.52,2.5200000000000005,7.220000000000001,0.14920000000000003,29,53,82,0.35365853658536583
2004,POR,True,2.26,56.16000000000001,15.419999999999998,24.28,2.7399999999999998,7.6,0.1554,41,41,82,0.5
2004,SAC,True,3.2,57.77999999999999,13.219999999999999,20.52,3.22,8.5,0.1722,55,27,82,0.6707317073170732
2004,SAS,True,2.8,56.699999999999996,16.1,27.82,2.6,7.94,0.159,57,25,82,0.6951219512195121
2004,SEA,True,1.6,55.60000000000001,15.540000000000001,15.820000000000002,1.1199999999999999,5.0200000000000005,0.1246,37,45,82,0.45121951219512196
2004,TOR,True,1.6800000000000002,53.52,15.86,26.339999999999996,1.44,5.039999999999999,0.1156,33,49,82,0.4024390243902439
2004,UTA,True,1.6200000000000003,55.919999999999995,14.4,16.439999999999998,1.8,5.5600000000000005,0.1574,42,40,82,0.5121951219512195
2004,WAS,True,1.64,54.480000000000004,15.76,27.339999999999996,0.6,5.659999999999999,0.1282,25,57,82,0.3048780487804878
2005,ATL,True,0.8,53.125,14.239999999999998,20.359999999999996,-0.039999999999999945,3.2399999999999998,0.1068,13,69,82,0.15853658536585366
2005,BOS,True,1.9800000000000004,56.14,14.86,22.02,1.1400000000000001,5.859999999999999,0.1318,45,37,82,0.5487804878048781
2005,CHA,True,0.13999999999999999,53.11999999999999,15.520000000000001,19.060000000000002,-1.26,1.56,0.10340000000000002,18,64,82,0.21951219512195122
2005,CHI,True,0.2,52.56000000000001,13.819999999999999,21.68,-1.3800000000000001,2.56,0.084,47,35,82,0.573170731707317
2005,CLE,True,1.2599999999999998,52.44,14.9,23.42,-0.040000000000000015,4.92,0.11039999999999998,42,40,82,0.5121951219512195
2005,DAL,True,2.6,55.16,15.440000000000001,23.139999999999997,2.26,7.68,0.158,58,24,82,0.7073170731707317
2005,DEN,True,2.16,55.55999999999999,14.34,19.1,1.7400000000000002,6.92,0.137,49,33,82,0.5975609756097561
2005,DET,True,2.9200000000000004,53.24000000000001,15.460000000000003,26.3,2.32,8.36,0.1496,54,28,82,0.6585365853658537
2005,GSW,True,2.1199999999999997,52.32,13.98,23.0,1.5600000000000003,5.2,0.1162,34,48,82,0.4146341463414634
2005,HOU,True,2.62,55.2,15.419999999999998,27.24,2.8999999999999995,6.8,0.161,51,31,82,0.6219512195121951
2005,IND,True,2.7,57.379999999999995,15.399999999999997,23.220000000000002,2.84,7.720000000000001,0.1712,44,38,82,0.5365853658536586
2005,LAC,True,2.02,56.419999999999995,14.62,23.92,1.3800000000000001,6.1,0.141,37,45,82,0.45121951219512196
2005,LAL,True,2.4400000000000004,52.760000000000005,14.280000000000001,23.720000000000002,2.2,6.539999999999999,0.13579999999999998,34,48,82,0.4146341463414634
2005,MEM,True,2.66,57.16,14.36,25.340000000000003,2.96,7.3199999999999985,0.17220000000000002,45,37,82,0.5487804878048781
2005,MIA,True,2.1999999999999997,57.31999999999999,14.84,22.6,2.1,6.459999999999999,0.14600000000000002,59,23,82,0.7195121951219512
2005,MIL,True,1.6599999999999997,55.94,15.979999999999999,22.340000000000003,1.28,5.88,0.14520000000000002,30,52,82,0.36585365853658536
2005,MIN,True,3.8200000000000003,56.279999999999994,15.080000000000002,24.96,3.6199999999999997,9.24,0.1762,44,38,82,0.5365853658536586
2005,NJN,True,2.48,62.37999999999999,13.040000000000001,28.139999999999997,1.8200000000000003,6.5,0.15019999999999997,42,40,82,0.5121951219512195
2005,NOH,True,2.2,53.839999999999996,16.1,27.28,1.9600000000000002,6.540000000000001,0.13520000000000001,18,64,82,0.21951219512195122
2005,NYK,True,1.46,53.620000000000005,16.78,27.119999999999997,1.22,4.42,0.13520000000000001,33,49,82,0.4024390243902439
2005,ORL,True,2.1799999999999997,53.78000000000001,15.0,19.940000000000005,1.9,6.34,0.12940000000000002,36,46,82,0.43902439024390244
2005,PHI,True,1.34,54.88000000000001,14.9,23.080000000000002,0.8,5.1,0.121,43,39,82,0.524390243902439
2005,PHO,True,2.3999999999999995,56.61999999999999,12.7,22.48,1.54,6.5,0.1222,62,20,82,0.7560975609756098
2005,POR,True,1.4200000000000002,55.86,14.919999999999998,20.660000000000004,1.48,5.24,0.1288,27,55,82,0.32926829268292684
2005,SAC,True,3.28,57.14,15.520000000000001,21.04,2.58,9.4,0.15719999999999998,50,32,82,0.6097560975609756
2005,SAS,True,3.3200000000000003,57.400000000000006,15.580000000000002,23.939999999999998,4.159999999999999,8.520000000000001,0.1868,59,23,82,0.7195121951219512
2005,SEA,True,1.86,56.699999999999996,15.34,25.78,1.5000000000000002,5.14,0.1418,52,30,82,0.6341463414634146
2005,TOR,True,2.2199999999999998,53.36,14.52,26.419999999999998,1.42,6.56,0.12840000000000001,33,49,82,0.4024390243902439
2005,UTA,True,2.62,56.56,16.1,26.439999999999998,2.32,7.159999999999999,0.16599999999999998,26,56,82,0.3170731707317073
2005,WAS,True,1.2200000000000002,55.76000000000001,16.139999999999997,19.18,0.32,5.2,0.12279999999999999,45,37,82,0.5487804878048781
2006,ATL,True,0.9,54.04,12.360000000000001,18.46,-0.5,4.14,0.09740000000000001,26,56,82,0.3170731707317073
2006,BOS,True,2.1399999999999997,57.99999999999999,15.7,20.740000000000002,1.4599999999999997,6.74,0.1454,33,49,82,0.4024390243902439
2006,CHA,True,0.8800000000000001,53.22,14.0,19.939999999999998,-0.27999999999999997,3.9,0.09280000000000001,26,56,82,0.3170731707317073
2006,CHI,True,1.7400000000000002,57.54,15.680000000000001,27.940000000000005,1.52,5.540000000000001,0.139,41,41,82,0.5
2006,CLE,True,4.239999999999999,57.360000000000014,16.419999999999998,24.0,4.48,9.459999999999999,0.17360000000000003,50,32,82,0.6097560975609756
2006,DAL,True,2.88,57.53999999999999,13.779999999999998,22.92,2.86,7.7,0.1582,60,22,82,0.7317073170731707
2006,DEN,True,1.8799999999999997,57.86,16.46,28.52,1.52,5.8,0.1336,44,38,82,0.5365853658536586
2006,DET,True,2.96,56.7,15.84,22.84,2.2600000000000002,8.9,0.159,64,18,82,0.7804878048780488
2006,GSW,True,1.34,55.11999999999999,13.7,21.04,0.9,4.6,0.12279999999999999,34,48,82,0.4146341463414634
2006,HOU,True,2.8,57.11999999999999,15.2,26.079999999999995,2.68,7.460000000000001,0.167,34,48,82,0.4146341463414634
2006,IND,True,1.56,57.66,14.520000000000001,23.24,2.3600000000000003,5.12,0.1492,41,41,82,0.5
2006,LAC,True,2.04,57.800000000000004,13.580000000000002,27.22,2.2399999999999998,5.819999999999999,0.1426,47,35,82,0.573170731707317
2006,LAL,True,1.5400000000000003,54.88000000000001,13.1,20.26,0.8200000000000001,4.08,0.1016,45,37,82,0.5487804878048781
2006,MEM,True,2.54,57.3,12.46,21.54,2.3600000000000003,7.0600000000000005,0.1484,49,33,82,0.5975609756097561
2006,MIA,True,2.86,56.400000000000006,15.4,26.3,2.88,8.180000000000001,0.16639999999999996,52,30,82,0.6341463414634146
2006,MIL,True,1.2799999999999998,55.24000000000001,16.54,24.740000000000002,0.3,5.18,0.11380000000000001,40,42,82,0.4878048780487805
2006,MIN,True,2.7600000000000007,56.879999999999995,15.36,27.160000000000004,2.2399999999999998,6.720000000000001,0.1422,33,49,82,0.4024390243902439
2006,NJN,True,2.3199999999999994,54.74,11.84,25.52,2.84,5.760000000000001,0.1374,49,33,82,0.5975609756097561
2006,NOK,True,0.8200000000000001,54.08,14.8,17.28,-0.2,4.76,0.11299999999999999,38,44,82,0.4634146341463415
2006,NYK,True,2.48,65.56,12.120000000000001,22.800000000000004,12.520000000000001,6.5600000000000005,0.37,23,59,82,0.2804878048780488
2006,ORL,True,1.7600000000000002,55.78000000000001,15.860000000000003,24.04,1.02,5.5600000000000005,0.1192,36,46,82,0.43902439024390244
2006,PHI,True,2.38,57.76,15.98,23.14,1.7399999999999998,5.92,0.1196,38,44,82,0.4634146341463415
2006,PHO,True,3.1399999999999997,58.43999999999999,14.420000000000002,25.060000000000002,2.7,9.139999999999999,0.1664,54,28,82,0.6585365853658537
2006,POR,True,0.6599999999999999,54.81999999999999,14.919999999999998,19.119999999999997,-0.020000000000000018,3.1000000000000005,0.1046,21,61,82,0.25609756097560976
2006,SAC,True,2.34,59.00000000000001,15.940000000000001,20.62,2.7599999999999993,6.92,0.167,44,38,82,0.5365853658536586
2006,SAS,True,3.3600000000000003,56.56,15.2,23.6,4.38,8.5,0.1902,63,19,82,0.7682926829268293
2006,SEA,True,2.52,59.5,17.7,26.939999999999998,1.9600000000000002,6.539999999999999,0.1584,35,47,82,0.4268292682926829
2006,TOR,True,1.0399999999999998,55.66000000000001,14.180000000000001,21.7,2.2204460492503132e-17,4.959999999999999,0.1044,27,55,82,0.32926829268292684
2006,UTA,True,1.94,56.14,15.02,21.04,2.7199999999999998,5.159999999999999,0.1404,41,41,82,0.5
2006,WAS,True,2.04,55.919999999999995,13.3,18.28,1.02,6.840000000000001,0.1338,42,40,82,0.5121951219512195
2007,ATL,True,1.6200000000000003,56.68,14.680000000000001,27.52,1.22,4.76,0.119,30,52,82,0.36585365853658536
2007,BOS,True,1.94,58.20000000000001,15.220000000000002,19.400000000000002,1.2,5.44,0.1292,24,58,82,0.2926829268292683
2007,CHA,True,1.3199999999999998,55.00000000000001,14.14,23.339999999999996,0.6600000000000001,4.220000000000001,0.10699999999999998,33,49,82,0.4024390243902439
2007,CHI,True,2.5799999999999996,53.7,14.88,22.859999999999996,1.8800000000000001,7.220000000000001,0.13440000000000002,49,33,82,0.5975609756097561
2007,CLE,True,2.82,55.66000000000001,17.94,19.939999999999998,2.02,7.88,0.1682,50,32,82,0.6097560975609756
2007,DAL,True,3.22,57.64,15.3,20.859999999999996,3.4199999999999995,8.66,0.18400000000000002,67,15,82,0.8170731707317073
2007,DEN,True,2.78,56.699999999999996,19.58,31.26,4.2,7.1,0.175,45,37,82,0.5487804878048781
2007,DET,True,3.0200000000000005,61.84,15.440000000000001,23.9,2.2800000000000002,8.72,0.1804,53,29,82,0.6463414634146342
2007,GSW,True,1.8800000000000001,57.58,13.819999999999999,25.119999999999997,1.08,5.36,0.1226,42,40,82,0.5121951219512195
2007,HOU,True,2.38,60.260000000000005,17.48,22.18,2.96,5.8,0.1836,52,30,82,0.6341463414634146
2007,IND,True,1.4,56.48,15.86,23.04,0.8,5.32,0.1384,35,47,82,0.4268292682926829
2007,LAC,True,2.4,57.38000000000001,15.919999999999998,19.880000000000003,1.8800000000000001,7.360000000000001,0.1562,40,42,82,0.4878048780487805
2007,LAL,True,2.94,55.75999999999999,13.180000000000001,20.28,2.0999999999999996,7.68,0.1506,42,40,82,0.5121951219512195
2007,MEM,True,2.46,57.220000000000006,14.8,21.360000000000003,2.0800000000000005,6.459999999999999,0.16240000000000002,22,60,82,0.2682926829268293
2007,MIA,True,2.92,58.48,15.319999999999999,19.94,3.1,7.92,0.1708,44,38,82,0.5365853658536586
2007,MIL,True,1.6799999999999997,55.559999999999995,14.7,25.2,1.0399999999999998,5.279999999999999,0.126,28,54,82,0.34146341463414637
2007,MIN,True,2.36,55.74,13.580000000000002,23.4,1.4200000000000004,6.000000000000001,0.1136,32,50,82,0.3902439024390244
2007,NJN,True,3.0799999999999996,54.36,11.579999999999998,21.46,2.32,7.859999999999999,0.1356,41,41,82,0.5
2007,NOK,True,2.2399999999999998,55.16,14.680000000000001,20.720000000000002,1.9799999999999998,6.460000000000001,0.14420000000000002,39,43,82,0.47560975609756095
2007,NYK,True,1.0,56.56000000000001,14.520000000000001,21.38,0.12,3.66,0.09519999999999999,33,49,82,0.4024390243902439
2007,ORL,True,1.5,58.68,14.160000000000002,23.279999999999998,1.48,5.32,0.1308,40,42,82,0.4878048780487805
2007,PHI,True,2.2399999999999998,58.099999999999994,15.940000000000001,22.840000000000003,0.9800000000000001,6.659999999999999,0.125,35,47,82,0.4268292682926829
2007,PHO,True,3.3,59.199999999999996,15.220000000000002,25.059999999999995,2.54,9.34,0.16920000000000002,61,21,82,0.7439024390243902
2007,POR,True,0.38,55.64,14.62,17.9,-1.06,2.5,0.08660000000000001,32,50,82,0.3902439024390244
2007,SAC,True,1.9599999999999997,57.220000000000006,12.420000000000002,18.880000000000003,1.14,6.94,0.13620000000000002,33,49,82,0.4024390243902439
2007,SAS,True,3.1199999999999997,58.540000000000006,14.62,22.880000000000003,4.220000000000001,8.08,0.1794,58,24,82,0.7073170731707317
2007,SEA,True,2.0,58.43999999999999,14.420000000000002,19.36,1.1,5.24,0.1136,31,51,82,0.3780487804878049
2007,TOR,True,1.28,54.96,13.279999999999998,22.800000000000004,-0.08,4.9,0.0998,47,35,82,0.573170731707317
2007,UTA,True,2.34,55.76000000000001,14.299999999999997,20.8,2.02,6.319999999999999,0.1362,51,31,82,0.6219512195121951
2007,WAS,True,2.3600000000000003,55.36000000000001,14.14,17.6,1.08,7.459999999999999,0.12840000000000001,41,41,82,0.5
2008,ATL,True,1.92,59.199999999999996,14.24,21.5,1.7400000000000002,4.84,0.1142,37,45,82,0.45121951219512196
2008,BOS,True,2.72,57.18,16.32,24.44,3.04,6.08,0.14020000000000002,66,16,82,0.8048780487804879
2008,CHA,True,1.8599999999999999,59.12,14.319999999999999,22.96,1.56,5.06,0.13499999999999998,32,50,82,0.3902439024390244
2008,CHI,True,3.06,55.96,16.199999999999996,21.06,2.48,8.940000000000001,0.1568,33,49,82,0.4024390243902439
2008,CLE,True,3.1400000000000006,55.16,17.459999999999997,21.800000000000004,2.7800000000000002,8.319999999999999,0.16860000000000003,45,37,82,0.5487804878048781
2008,DAL,True,4.3,59.63999999999999,16.740000000000002,26.82,4.48,10.34,0.189,51,31,82,0.6219512195121951
2008,DEN,True,2.1199999999999997,59.15999999999999,15.680000000000001,27.940000000000005,1.9,5.98,0.14020000000000002,50,32,82,0.6097560975609756
2008,DET,True,2.5999999999999996,58.43999999999999,15.719999999999999,21.099999999999998,2.1,7.94,0.1706,59,23,82,0.7195121951219512
2008,GSW,True,1.4600000000000002,57.14,13.559999999999999,22.940000000000005,1.12,4.880000000000001,0.1192,48,34,82,0.5853658536585366
2008,HOU,True,3.04,59.24,19.279999999999998,25.119999999999997,3.1399999999999997,7.6,0.17959999999999998,55,27,82,0.6707317073170732
2008,IND,True,1.2200000000000002,55.16000000000001,15.2,20.9,0.44000000000000006,4.34,0.11240000000000001,36,46,82,0.43902439024390244
2008,LAC,True,2.0799999999999996,58.35999999999999,14.4,34.339999999999996,1.3,6.4799999999999995,0.12319999999999998,23,59,82,0.2804878048780488
2008,LAL,True,2.6399999999999997,58.5,14.940000000000001,20.46,2.52,6.56,0.15960000000000002,57,25,82,0.6951219512195121
2008,MEM,True,1.4,61.9,14.779999999999998,22.22,3.1999999999999997,4.12,0.1274,22,60,82,0.2682926829268293
2008,MIA,True,2.7399999999999998,58.660000000000004,14.719999999999999,26.78,3.04,7.18,0.1492,15,67,82,0.18292682926829268
2008,MIL,True,1.32,55.76000000000001,14.719999999999999,16.2,0.3,4.5200000000000005,0.09860000000000001,26,56,82,0.3170731707317073
2008,MIN,True,0.5599999999999999,54.480000000000004,14.160000000000002,16.22,-0.6199999999999999,3.84,0.10999999999999999,22,60,82,0.2682926829268293
2008,NJN,True,2.6599999999999997,57.999999999999986,15.8,29.720000000000006,2.38,6.839999999999999,0.143,34,48,82,0.4146341463414634
2008,NOH,True,1.7599999999999998,58.3,15.020000000000001,22.84,1.92,5.52,0.1344,56,26,82,0.6829268292682927
2008,NYK,True,1.6,57.66000000000001,16.4,17.800000000000004,1.5399999999999998,5.340000000000001,0.1292,23,59,82,0.2804878048780488
2008,ORL,True,2.12,60.180000000000014,17.62,26.4,1.8400000000000003,5.919999999999999,0.1478,52,30,82,0.6341463414634146
2008,PHI,True,1.36,56.56000000000001,18.02,23.2,0.3,4.94,0.10639999999999998,40,42,82,0.4878048780487805
2008,PHO,True,3.4799999999999995,61.239999999999995,15.12,24.439999999999998,3.3,9.959999999999999,0.1786,55,27,82,0.6707317073170732
2008,POR,True,0.86,53.70000000000002,12.48,24.68,-0.16,3.5,0.09359999999999999,41,41,82,0.5
2008,SAC,True,2.0,58.42,15.819999999999999,21.060000000000002,1.1199999999999999,6.12,0.1278,38,44,82,0.4634146341463415
2008,SAS,True,3.66,61.919999999999995,16.6,29.179999999999996,4.86,8.940000000000001,0.20500000000000002,56,26,82,0.6829268292682927
2008,SEA,True,0.9,55.24,16.5,24.36,0.20000000000000004,4.24,0.13040000000000002,20,62,82,0.24390243902439024
2008,TOR,True,1.9,61.78,14.3,27.9,1.46,6.0,0.14300000000000002,41,41,82,0.5
2008,UTA,True,2.7199999999999998,57.300000000000004,14.719999999999999,21.32,2.6199999999999997,7.0600000000000005,0.1474,54,28,82,0.6585365853658537
2008,WAS,True,2.04,56.400000000000006,13.160000000000002,20.919999999999998,1.06,6.12,0.12279999999999998,43,39,82,0.524390243902439
2009,ATL,True,1.6600000000000001,54.38000000000001,15.059999999999999,26.439999999999998,0.48,5.720000000000001,0.1068,47,35,82,0.573170731707317
2009,BOS,True,3.62,61.22,15.440000000000001,23.1,3.9800000000000004,9.68,0.2122,62,20,82,0.7560975609756098
2009,CHA,True,1.7600000000000002,57.18,17.580000000000002,19.4,1.48,5.159999999999999,0.1222,35,47,82,0.4268292682926829
2009,CHI,True,1.34,55.199999999999996,15.34,20.68,0.38,4.7,0.10740000000000001,41,41,82,0.5
2009,CLE,True,2.7800000000000002,56.42,15.52,23.06,2.38,6.5,0.1376,66,16,82,0.8048780487804879
2009,DAL,True,2.9800000000000004,59.3,15.780000000000001,23.62,2.84,7.959999999999999,0.165,50,32,82,0.6097560975609756
2009,DEN,True,3.0599999999999996,61.84,15.080000000000002,25.5,2.9,8.6,0.1728,54,28,82,0.6585365853658537
2009,DET,True,3.78,57.96000000000001,15.539999999999997,25.5,3.6799999999999997,9.58,0.1872,39,43,82,0.47560975609756095
2009,GSW,True,2.0,58.83999999999999,13.319999999999999,19.02,1.1199999999999999,6.859999999999999,0.1474,29,53,82,0.35365853658536583
2009,HOU,True,2.6,60.699999999999996,16.160000000000004,23.3,2.94,6.76,0.19640000000000002,53,29,82,0.6463414634146342
2009,IND,True,1.92,62.88,16.560000000000002,25.0,2.7,6.4799999999999995,0.16240000000000002,36,46,82,0.43902439024390244
2009,LAC,True,2.14,59.720000000000006,17.580000000000002,20.939999999999998,2.1800000000000006,5.2,0.14720000000000003,19,63,82,0.23170731707317074
2009,LAL,True,2.8,60.460000000000015,15.920000000000002,18.5,3.5,7.579999999999998,0.18180000000000002,65,17,82,0.7926829268292683
2009,MEM,True,0.66,53.04,12.059999999999999,17.94,-0.96,3.0800000000000005,0.0762,24,58,82,0.2926829268292683
2009,MIA,True,1.8800000000000001,57.400000000000006,14.819999999999999,23.520000000000003,2.2800000000000002,4.54,0.1326,43,39,82,0.524390243902439
2009,MIL,True,1.5,57.220000000000006,14.9,26.48,0.5599999999999999,5.220000000000001,0.10880000000000001,34,48,82,0.4146341463414634
2009,MIN,True,1.3199999999999998,56.78000000000001,14.64,19.479999999999997,0.1,4.54,0.1028,24,58,82,0.2926829268292683
2009,NJN,True,1.24,57.14,13.540000000000001,17.32,0.5599999999999999,4.62,0.12840000000000001,34,48,82,0.4146341463414634
2009,NOH,True,3.6399999999999997,59.14,15.080000000000002,23.860000000000003,3.5800000000000005,10.100000000000001,0.1808,49,33,82,0.5975609756097561
2009,NYK,True,1.26,70.38,19.48,21.060000000000002,4.42,4.88,0.23620000000000002,32,50,82,0.3902439024390244
2009,OKC,True,0.7,52.92,15.059999999999999,22.12,-0.52,3.16,0.0986,23,59,82,0.2804878048780488
2009,ORL,True,2.9,58.379999999999995,16.68,24.92,2.08,8.46,0.158,59,23,82,0.7195121951219512
2009,PHI,True,2.2199999999999998,54.580000000000005,15.66,21.0,1.48,6.739999999999999,0.13,41,41,82,0.5
2009,PHO,True,3.2199999999999998,60.50000000000001,13.8,24.240000000000002,2.6599999999999997,8.78,0.1584,46,36,82,0.5609756097560976
2009,POR,True,1.6,55.23999999999999,18.64,22.64,0.5,5.16,0.1186,54,28,82,0.6585365853658537
2009,SAC,True,1.5399999999999998,58.419999999999995,15.260000000000002,15.819999999999999,0.96,5.4799999999999995,0.124,17,65,82,0.2073170731707317
2009,SAS,True,3.06,59.099999999999994,17.44,31.240000000000002,3.960000000000001,7.94,0.1782,54,28,82,0.6585365853658537
2009,TOR,True,2.9799999999999995,59.019999999999996,16.04,17.88,3.2400000000000007,7.74,0.1634,33,49,82,0.4024390243902439
2009,UTA,True,3.3599999999999994,60.4,16.279999999999998,25.3,3.3600000000000003,8.62,0.166,48,34,82,0.5853658536585366
2009,WAS,True,1.86,56.06,15.0,24.580000000000002,1.5599999999999998,6.36,0.1288,19,63,82,0.23170731707317074
2010,ATL,True,2.3600000000000003,56.14,15.16,18.48,1.6,6.459999999999999,0.1298,53,29,82,0.6463414634146342
2010,BOS,True,3.62,62.4,16.94,21.240000000000002,4.88,8.86,0.18460000000000001,50,32,82,0.6097560975609756
2010,CHA,True,1.9,58.34,14.739999999999998,25.22,1.3800000000000001,5.5,0.126,44,38,82,0.5365853658536586
2010,CHI,True,1.1400000000000001,56.68,15.560000000000002,23.140000000000004,0.45999999999999996,4.74,0.11079999999999998,41,41,82,0.5
2010,CLE,True,4.36,59.239999999999995,15.780000000000001,23.82,4.319999999999999,10.8,0.20140000000000002,61,21,82,0.7439024390243902
2010,DAL,True,2.88,60.28,16.16,22.94,2.2800000000000002,7.459999999999999,0.1552,55,27,82,0.6707317073170732
2010,DEN,True,2.34,60.18,14.98,20.82,2.24,7.080000000000001,0.163,53,29,82,0.6463414634146342
2010,DET,True,1.7599999999999998,55.139999999999986,15.52,23.339999999999996,1.02,5.32,0.11979999999999999,27,55,82,0.32926829268292684
2010,GSW,True,1.1,58.660000000000004,14.580000000000002,20.2,0.6799999999999999,3.94,0.10880000000000001,26,56,82,0.3170731707317073
2010,HOU,True,1.7,59.199999999999996,17.94,26.46,1.58,6.1,0.16060000000000002,42,40,82,0.5121951219512195
2010,IND,True,2.0,59.00000000000001,14.920000000000002,23.3,1.7200000000000002,5.42,0.13940000000000002,32,50,82,0.3902439024390244
2010,LAC,True,1.4200000000000002,58.8,16.9,26.060000000000002,0.6200000000000001,5.1,0.1132,29,53,82,0.35365853658536583
2010,LAL,True,3.4,57.28,13.919999999999998,18.919999999999998,3.08,9.059999999999999,0.17880000000000001,57,25,82,0.6951219512195121
2010,MEM,True,1.28,55.699999999999996,16.36,26.720000000000006,0.4,4.880000000000001,0.11019999999999999,40,42,82,0.4878048780487805
2010,MIA,True,2.4400000000000004,56.64,18.720000000000002,25.139999999999997,1.6599999999999997,6.379999999999999,0.1258,47,35,82,0.573170731707317
2010,MIL,True,1.08,56.31999999999999,16.0,19.84,0.74,4.12,0.1206,46,36,82,0.5609756097560976
2010,MIN,True,0.9200000000000002,53.29999999999999,16.76,18.22,-0.019999999999999973,4.04,0.1086,15,67,82,0.18292682926829268
2010,NJN,True,1.3,56.900000000000006,14.680000000000001,23.580000000000002,0.48,4.959999999999999,0.1206,12,70,82,0.14634146341463414
2010,NOH,True,2.94,58.06,15.02,23.520000000000003,2.04,8.459999999999999,0.1492,37,45,82,0.45121951219512196
2010,NYK,True,1.7799999999999998,65.58,17.68,24.7,3.2399999999999998,5.6,0.152,29,53,82,0.35365853658536583
2010,OKC,True,1.2,57.68000000000001,13.1,17.619999999999997,0.5,4.140000000000001,0.1278,50,32,82,0.6097560975609756
2010,ORL,True,3.0400000000000005,58.81999999999999,16.28,23.7,3.3600000000000003,8.18,0.188,59,23,82,0.7195121951219512
2010,PHI,True,1.64,54.480000000000004,15.419999999999998,18.1,0.6200000000000001,5.18,0.1132,27,55,82,0.32926829268292684
2010,PHO,True,1.92,60.6,13.120000000000001,19.56,1.6,5.68,0.135,54,28,82,0.6585365853658537
2010,POR,True,3.2600000000000002,60.43999999999999,21.240000000000002,24.559999999999995,3.06,8.9,0.1702,50,32,82,0.6097560975609756
2010,SAC,True,0.76,58.419999999999995,14.3,23.080000000000002,0.019999999999999962,3.5199999999999996,0.1212,25,57,82,0.3048780487804878
2010,SAS,True,2.8400000000000003,59.57999999999999,15.219999999999999,22.580000000000002,4.76,7.539999999999999,0.22060000000000005,50,32,82,0.6097560975609756
2010,TOR,True,1.9600000000000002,58.06,18.339999999999996,23.439999999999998,1.02,6.5,0.1332,40,42,82,0.4878048780487805
2010,UTA,True,2.4200000000000004,57.56,15.76,21.259999999999998,2.1,6.9799999999999995,0.1436,53,29,82,0.6463414634146342
2010,WAS,True,1.6199999999999999,58.33999999999999,15.8,27.119999999999997,0.9400000000000001,4.619999999999999,0.1332,26,56,82,0.3170731707317073
2011,ATL,True,3.06,55.7,14.559999999999999,21.48,2.46,8.32,0.1484,44,38,82,0.5365853658536586
2011,BOS,True,3.06,59.62,16.1,25.6,2.8400000000000003,8.18,0.15720000000000003,56,26,82,0.6829268292682927
2011,CHA,True,1.7599999999999998,59.260000000000005,17.28,19.2,2.5,5.82,0.174,34,48,82,0.4146341463414634
2011,CHI,True,2.3,57.46,16.32,17.48,1.8799999999999997,6.540000000000001,0.13520000000000001,62,20,82,0.7560975609756098
2011,CLE,True,1.64,59.42000000000001,13.860000000000003,21.52,1.52,5.7,0.1372,19,63,82,0.23170731707317074
2011,DAL,True,2.6,61.919999999999995,15.280000000000001,22.580000000000002,2.2,7.44,0.16299999999999998,57,25,82,0.6951219512195121
2011,DEN,True,2.8199999999999994,61.5,15.459999999999999,24.46,2.52,8.120000000000001,0.1686,50,32,82,0.6097560975609756
2011,DET,True,1.04,53.46000000000001,14.719999999999999,23.2,0.18,3.3400000000000007,0.0892,30,52,82,0.36585365853658536
2011,GSW,True,1.56,57.8,16.5,19.04,0.9799999999999999,4.84,0.13079999999999997,36,46,82,0.43902439024390244
2011,HOU,True,1.8799999999999997,58.50000000000001,15.460000000000003,22.4,1.3199999999999998,6.2,0.13479999999999998,43,39,82,0.524390243902439
2011,IND,True,0.9800000000000001,54.559999999999995,13.839999999999998,21.06,0.15999999999999998,3.6199999999999997,0.1046,37,45,82,0.45121951219512196
2011,LAC,True,1.28,57.519999999999996,14.959999999999999,22.56,0.6,4.06,0.1078,32,50,82,0.3902439024390244
2011,LAL,True,3.0000000000000004,57.099999999999994,15.5,19.68,2.8600000000000003,8.36,0.16920000000000002,57,25,82,0.6951219512195121
2011,MEM,True,2.2,58.16000000000001,16.6,19.220000000000002,1.42,6.92,0.13079999999999997,46,36,82,0.5609756097560976
2011,MIA,True,4.860000000000001,60.36,17.54,28.439999999999998,5.140000000000001,10.379999999999999,0.19540000000000002,58,24,82,0.7073170731707317
2011,MIL,True,1.78,55.89999999999999,17.72,21.22,1.24,5.82,0.14020000000000002,35,47,82,0.4268292682926829
2011,MIN,True,1.06,54.42,15.62,25.56,0.8400000000000001,4.5200000000000005,0.126,17,65,82,0.2073170731707317
2011,NJN,True,2.2,58.33999999999999,16.880000000000003,28.580000000000002,1.8199999999999998,6.459999999999999,0.1426,24,58,82,0.2926829268292683
2011,NOH,True,2.0200000000000005,59.519999999999996,16.560000000000002,25.54,2.06,6.1,0.1586,46,36,82,0.5609756097560976
2011,NYK,True,2.54,61.08,15.12,22.939999999999998,1.8200000000000003,8.04,0.15860000000000002,42,40,82,0.5121951219512195
2011,OKC,True,2.7800000000000002,61.77999999999999,15.960000000000003,24.340000000000003,3.2199999999999998,7.740000000000002,0.1936,55,27,82,0.6707317073170732
2011,ORL,True,2.66,59.13999999999999,14.959999999999999,28.140000000000004,2.46,8.04,0.17240000000000003,52,30,82,0.6341463414634146
2011,PHI,True,1.1600000000000001,53.900000000000006,11.84,22.5,-0.13999999999999999,3.9200000000000004,0.09580000000000001,41,41,82,0.5
2011,PHO,True,2.7400000000000007,61.86000000000001,14.8,27.580000000000002,2.62,7.580000000000001,0.1602,40,42,82,0.4878048780487805
2011,POR,True,2.94,60.919999999999995,19.119999999999997,21.74,3.3199999999999994,8.2,0.164,48,34,82,0.5853658536585366
2011,SAC,True,1.42,57.2,13.940000000000001,17.48,0.96,5.1,0.12179999999999999,24,58,82,0.2926829268292683
2011,SAS,True,2.7800000000000002,57.300000000000004,16.6,22.659999999999997,3.5800000000000005,7.580000000000001,0.17460000000000003,61,21,82,0.7439024390243902
2011,TOR,True,0.9,59.919999999999995,18.68,25.6,1.44,4.26,0.13340000000000002,22,60,82,0.2682926829268293
2011,UTA,True,2.2800000000000002,56.58,13.940000000000001,28.139999999999997,2.54,6.74,0.1476,39,43,82,0.47560975609756095
2011,WAS,True,1.3599999999999999,55.059999999999995,14.180000000000001,21.699999999999996,1.0999999999999999,4.36,0.11259999999999999,23,59,82,0.2804878048780488
2012,ATL,True,1.98,57.06,14.080000000000002,22.22,1.48,5.5600000000000005,0.12479999999999998,40,26,66,0.6060606060606061
2012,BOS,True,3.2600000000000002,60.77999999999999,14.2,22.560000000000002,3.1799999999999997,8.7,0.16940000000000002,39,27,66,0.5909090909090909
2012,CHA,True,0.96,57.04,13.98,17.020000000000003,1.1102230246251566e-17,4.1,0.1192,7,59,66,0.10606060606060606
2012,CHI,True,3.0,56.18000000000001,15.66,23.54,2.9799999999999995,8.18,0.172,50,16,66,0.7575757575757576
2012,CLE,True,0.7799999999999999,58.68,13.7,26.419999999999998,-0.27999999999999997,2.8200000000000003,0.09580000000000001,21,45,66,0.3181818181818182
2012,DAL,True,2.94,63.040000000000006,14.620000000000001,24.46,3.0599999999999996,7.7,0.1708,36,30,66,0.5454545454545454
2012,DEN,True,2.22,62.12000000000001,15.440000000000001,20.440000000000005,2.34,6.959999999999999,0.16920000000000002,38,28,66,0.5757575757575758
2012,DET,True,0.9199999999999999,55.559999999999995,13.959999999999999,18.6,-0.12000000000000002,4.4799999999999995,0.10879999999999998,25,41,66,0.3787878787878788
2012,GSW,True,1.9400000000000002,58.24,15.419999999999998,22.14,0.76,6.06,0.1078,23,43,66,0.3484848484848485
2012,HOU,True,1.9,55.94,17.96,25.68,1.92,5.819999999999999,0.136,34,32,66,0.5151515151515151
2012,IND,True,1.8,59.25999999999999,16.06,21.619999999999997,1.06,5.779999999999999,0.14320000000000002,42,24,66,0.6363636363636364
2012,LAC,True,2.8,58.93999999999999,17.439999999999998,31.32,2.56,7.5,0.1562,40,26,66,0.6060606060606061
2012,LAL,True,3.04,58.620000000000005,15.780000000000001,21.96,3.2199999999999998,8.18,0.1822,41,25,66,0.6212121212121212
2012,MEM,True,2.6,56.099999999999994,16.86,21.919999999999998,2.5,7.040000000000001,0.154,41,25,66,0.6212121212121212
2012,MIA,True,3.84,60.699999999999996,14.64,19.759999999999998,3.8599999999999994,9.48,0.1836,46,20,66,0.696969696969697
2012,MIL,True,1.8800000000000001,56.26,15.24,22.46,1.3599999999999999,5.58,0.124,31,35,66,0.4696969696969697
2012,MIN,True,1.56,57.86,14.9,20.96,1.34,4.98,0.1298,26,40,66,0.3939393939393939
2012,NJN,True,1.58,57.14,15.86,30.640000000000004,1.4600000000000002,5.12,0.1316,22,44,66,0.3333333333333333
2012,NOH,True,1.08,55.51999999999999,14.940000000000001,19.76,0.06000000000000005,4.220000000000001,0.1016,21,45,66,0.3181818181818182
2012,NYK,True,1.8,64.52,14.580000000000002,22.6,2.3,6.4799999999999995,0.17119999999999996,36,30,66,0.5454545454545454
2012,OKC,True,2.92,59.919999999999995,15.84,22.6,2.54,8.040000000000001,0.1588,47,19,66,0.7121212121212122
2012,ORL,True,2.64,57.879999999999995,14.219999999999999,25.6,2.9199999999999995,7.6,0.17420000000000002,37,29,66,0.5606060606060606
2012,PHI,True,2.22,55.93999999999999,13.540000000000001,20.82,1.72,6.62,0.13820000000000002,35,31,66,0.5303030303030303
2012,PHO,True,1.7,58.900000000000006,12.9,23.52,1.04,5.540000000000001,0.1278,33,33,66,0.5
2012,POR,True,2.02,58.18,17.8,24.48,1.2,6.5200000000000005,0.1338,28,38,66,0.42424242424242425
2012,SAC,True,1.1199999999999999,53.7,15.34,16.919999999999998,0.45999999999999996,3.62,0.0934,22,44,66,0.3333333333333333
2012,SAS,True,2.72,59.72,15.4,26.98,2.82,7.3,0.16360000000000002,50,16,66,0.7575757575757576
2012,TOR,True,0.74,57.74,17.68,26.72,-0.05999999999999996,3.8,0.1242,23,43,66,0.3484848484848485
2012,UTA,True,1.36,59.15999999999999,14.14,24.18,0.9800000000000001,4.659999999999999,0.1464,36,30,66,0.5454545454545454
2012,WAS,True,1.3,62.68,15.0,18.020000000000003,0.74,4.699999999999999,0.128,20,46,66,0.30303030303030304
2013,ATL,True,2.0799999999999996,57.28,14.919999999999998,25.02,2.94,5.840000000000001,0.16240000000000002,44,38,82,0.5365853658536586
2013,BOS,True,2.16,56.48000000000001,13.940000000000001,28.119999999999997,2.4999999999999996,5.459999999999999,0.1428,41,40,81,0.5061728395061729
2013,BRK,True,1.3199999999999998,54.12000000000001,14.98,24.1,1.1400000000000001,4.380000000000001,0.11639999999999999,49,33,82,0.5975609756097561
2013,CHA,True,0.28,52.760000000000005,15.8,24.580000000000002,-1.02,1.78,0.099,21,61,82,0.25609756097560976
2013,CHI,True,1.7399999999999998,53.89999999999999,15.819999999999999,18.72,1.8800000000000001,5.959999999999999,0.1706,45,37,82,0.5487804878048781
2013,CLE,True,0.74,53.620000000000005,15.360000000000003,24.0,0.44000000000000006,2.56,0.10740000000000001,24,58,82,0.2926829268292683
2013,DAL,True,1.64,57.26,13.839999999999998,26.580000000000002,2.22,4.94,0.1664,41,41,82,0.5
2013,DEN,True,1.8399999999999999,58.48,17.240000000000002,26.340000000000003,2.78,5.119999999999999,0.166,57,25,82,0.6951219512195121
2013,DET,True,1.1800000000000002,54.50000000000001,13.86,24.82,0.6,4.4,0.1264,29,53,82,0.35365853658536583
2013,GSW,True,1.14,58.940000000000005,14.0,24.82,1.6600000000000001,3.5200000000000005,0.123,47,35,82,0.573170731707317
2013,HOU,True,1.3800000000000001,59.10000000000001,14.7,23.400000000000002,1.9599999999999997,4.08,0.168,45,37,82,0.5487804878048781
2013,IND,True,2.02,56.26,14.680000000000001,20.36,2.36,5.76,0.15120000000000003,49,32,81,0.6049382716049383
2013,LAC,True,2.48,58.18,15.26,24.7,3.0999999999999996,6.839999999999999,0.1826,56,26,82,0.6829268292682927
2013,LAL,True,2.62,57.00000000000001,16.06,27.2,2.82,6.44,0.148,45,37,82,0.5487804878048781
2013,MEM,True,2.0,56.02,17.040000000000003,21.419999999999998,2.16,5.74,0.1424,56,26,82,0.6829268292682927
2013,MIA,True,3.1399999999999997,59.419999999999995,15.959999999999999,21.82,4.84,7.62,0.2036,66,16,82,0.8048780487804879
2013,MIL,True,1.64,57.04,16.4,27.160000000000004,1.9,5.12,0.1504,38,44,82,0.4634146341463415
2013,MIN,True,1.8199999999999998,57.739999999999995,15.440000000000001,29.639999999999997,2.2,5.14,0.16419999999999998,31,51,82,0.3780487804878049
2013,NOH,True,0.8799999999999999,54.92,13.680000000000001,21.360000000000003,0.74,3.4,0.12940000000000002,27,55,82,0.32926829268292684
2013,NYK,True,1.7600000000000002,59.64,16.04,22.7,2.7399999999999998,5.519999999999999,0.1622,54,28,82,0.6585365853658537
2013,OKC,True,2.56,58.519999999999996,14.280000000000001,22.36,2.8600000000000003,6.74,0.1638,60,22,82,0.7317073170731707
2013,ORL,True,1.02,55.720000000000006,14.180000000000001,27.68,0.62,4.08,0.1226,20,62,82,0.24390243902439024
2013,PHI,True,1.2400000000000002,52.800000000000004,14.26,23.060000000000002,1.1,3.9200000000000004,0.1276,34,48,82,0.4146341463414634
2013,PHO,True,1.2199999999999998,56.699999999999996,15.3,17.2,0.6,4.5600000000000005,0.1308,25,57,82,0.3048780487804878
2013,POR,True,1.2,54.279999999999994,11.820000000000002,16.5,0.5,3.8,0.1146,33,49,82,0.4024390243902439
2013,SAC,True,1.06,55.599999999999994,14.779999999999998,21.52,0.76,3.78,0.1242,28,54,82,0.34146341463414637
2013,SAS,True,2.06,61.94,14.4,28.159999999999997,3.8600000000000003,5.5200000000000005,0.1952,58,24,82,0.7073170731707317
2013,TOR,True,1.6600000000000001,55.74,15.160000000000002,28.26,2.34,4.779999999999999,0.1356,34,48,82,0.4146341463414634
2013,UTA,True,2.0,56.52,16.16,22.76,3.08,5.659999999999999,0.1634,43,39,82,0.524390243902439
2013,WAS,True,0.76,55.02,14.36,28.22,0.22000000000000003,2.54,0.0994,29,53,82,0.35365853658536583
2014,ATL,True,2.0200000000000005,58.10000000000001,15.339999999999998,22.720000000000002,1.7399999999999998,6.459999999999999,0.1378,38,44,82,0.4634146341463415
2014,BOS,True,1.1,56.66,14.280000000000001,25.52,1.02,3.9800000000000004,0.12940000000000002,25,57,82,0.3048780487804878
2014,BRK,True,3.2,57.11999999999999,17.2,25.9,3.34,7.74,0.16099999999999998,44,38,82,0.5365853658536586
2014,CHA,True,1.44,53.26,14.280000000000001,23.560000000000002,0.33999999999999997,4.6,0.10160000000000002,43,39,82,0.524390243902439
2014,CHI,True,2.3000000000000003,55.26,16.44,27.74,2.6,6.459999999999999,0.147,48,34,82,0.5853658536585366
2014,CLE,True,2.06,58.14,19.619999999999997,21.98,2.4400000000000004,6.08,0.14020000000000002,33,49,82,0.4024390243902439
2014,DAL,True,2.16,58.019999999999996,15.62,24.200000000000003,2.9,5.0600000000000005,0.1516,49,33,82,0.5975609756097561
2014,DEN,True,1.92,58.24,17.3,25.679999999999996,1.6800000000000002,6.68,0.15,36,46,82,0.43902439024390244
2014,DET,True,1.86,55.38000000000001,15.620000000000001,24.74,1.54,4.58,0.1252,29,53,82,0.35365853658536583
2014,GSW,True,2.7399999999999998,55.879999999999995,17.06,23.48,2.3400000000000003,6.6,0.12979999999999997,51,31,82,0.6219512195121951
2014,HOU,True,2.58,59.099999999999994,16.860000000000003,22.54,2.8,7.659999999999999,0.15760000000000002,54,28,82,0.6585365853658537
2014,IND,True,3.08,56.48,15.080000000000002,20.380000000000003,2.98,8.379999999999999,0.1626,56,26,82,0.6829268292682927
2014,LAC,True,3.12,60.96,14.38,26.860000000000003,3.2600000000000002,8.52,0.1806,57,25,82,0.6951219512195121
2014,LAL,True,1.78,57.599999999999994,13.420000000000002,28.559999999999995,1.5799999999999998,4.859999999999999,0.1318,27,55,82,0.32926829268292684
2014,MEM,True,2.7199999999999998,58.879999999999995,16.18,24.139999999999997,2.58,8.18,0.177,50,32,82,0.6097560975609756
2014,MIA,True,3.7,61.7,14.560000000000002,22.72,3.7600000000000002,9.7,0.2044,54,28,82,0.6585365853658537
2014,MIL,True,1.22,54.18000000000001,16.9,20.14,0.26,4.96,0.1262,15,67,82,0.18292682926829268
2014,MIN,True,1.18,55.28000000000001,15.34,26.559999999999995,0.6799999999999999,4.82,0.1204,40,42,82,0.4878048780487805
2014,NOP,True,1.8800000000000001,56.06,15.34,23.380000000000003,1.34,4.68,0.11679999999999999,34,48,82,0.4146341463414634
2014,NYK,True,2.12,60.92000000000001,15.02,22.7,1.6,6.859999999999999,0.16660000000000003,37,45,82,0.45121951219512196
2014,OKC,True,3.8800000000000003,62.37999999999999,13.440000000000001,24.5,3.7,10.379999999999999,0.19419999999999998,59,23,82,0.7195121951219512
2014,ORL,True,0.36000000000000004,53.82,15.34,20.22,-1.3,2.8,0.0834,23,59,82,0.2804878048780488
2014,PHI,True,0.68,57.31999999999999,20.96,22.04,0.11999999999999997,3.6399999999999997,0.126,19,63,82,0.23170731707317074
2014,PHO,True,1.2000000000000002,55.579999999999984,15.98,21.96,0.7799999999999999,3.6,0.11440000000000002,48,34,82,0.5853658536585366
2014,POR,True,2.2199999999999998,57.2,14.12,25.44,1.56,5.859999999999999,0.1156,54,28,82,0.6585365853658537
2014,SAC,True,1.1,58.68,17.84,23.1,0.33999999999999997,4.74,0.133,28,54,82,0.34146341463414637
2014,SAS,True,2.8,60.525,16.8,28.200000000000003,5.92,7.580000000000001,0.19,62,20,82,0.7560975609756098
2014,TOR,True,1.4400000000000002,67.5,15.060000000000002,27.5,1.14,5.2,0.1446,48,34,82,0.5853658536585366
2014,UTA,True,0.74,60.57999999999999,17.32,23.619999999999997,0.66,3.1000000000000005,0.1432,25,57,82,0.3048780487804878
2014,WAS,True,1.7,55.36,13.64,27.48,1.8,4.720000000000001,0.1268,44,38,82,0.5365853658536586
2015,ATL,True,1.78,58.71999999999999,14.26,23.46,1.58,5.44,0.1256,60,22,82,0.7317073170731707
2015,BOS,True,1.28,59.55999999999999,14.9,32.7,1.14,5.0200000000000005,0.14079999999999998,40,42,82,0.4878048780487805
2015,BRK,True,1.2399999999999998,59.760000000000005,14.220000000000002,23.060000000000002,1.2,4.24,0.1634,38,44,82,0.4634146341463415
2015,CHI,True,2.2199999999999998,53.099999999999994,14.679999999999998,22.4,1.5999999999999999,6.859999999999999,0.1288,50,32,82,0.6097560975609756
2015,CHO,True,1.7799999999999998,58.81999999999999,14.920000000000002,28.18,1.7600000000000002,5.42,0.135,33,49,82,0.4024390243902439
2015,CLE,True,4.36,62.17999999999999,17.619999999999997,25.72,5.14,9.6,0.18560000000000001,53,29,82,0.6463414634146342
2015,DAL,True,2.2,62.75999999999999,15.5,34.92,2.1,6.6800000000000015,0.1648,50,32,82,0.6097560975609756
2015,DEN,True,1.92,56.99999999999999,14.64,25.840000000000003,1.44,5.9799999999999995,0.131,30,52,82,0.36585365853658536
2015,DET,True,1.6199999999999999,59.12,14.860000000000003,22.74,0.72,6.32,0.13499999999999998,32,50,82,0.3902439024390244
2015,GSW,True,2.9999999999999996,58.21999999999999,16.0,21.52,3.1800000000000006,8.000000000000002,0.163,67,15,82,0.8170731707317073
2015,HOU,True,2.8,62.53999999999999,13.559999999999999,19.62,2.5,8.26,0.1684,56,26,82,0.6829268292682927
2015,IND,True,2.44,57.26,13.540000000000001,18.560000000000002,3.2,7.080000000000001,0.16100000000000003,38,44,82,0.4634146341463415
2015,LAC,True,3.3199999999999994,59.58,15.079999999999998,29.079999999999995,3.78,8.86,0.19060000000000002,56,26,82,0.6829268292682927
2015,LAL,True,0.5800000000000001,56.34,15.160000000000002,20.82,-0.62,3.46,0.1076,21,61,82,0.25609756097560976
2015,MEM,True,2.0,55.099999999999994,14.539999999999997,23.939999999999998,2.0,5.64,0.13820000000000002,55,27,82,0.6707317073170732
2015,MIA,True,2.3,61.15999999999999,15.9,23.54,2.16,7.26,0.1648,37,45,82,0.45121951219512196
2015,MIL,True,0.6199999999999999,53.82,15.419999999999998,28.96,-0.54,3.04,0.085,41,41,82,0.5
2015,MIN,True,1.4000000000000001,60.52000000000001,17.779999999999998,24.32,0.5999999999999999,5.16,0.1382,16,66,82,0.1951219512195122
2015,NOP,True,1.48,58.33999999999999,15.779999999999998,29.24,1.72,4.26,0.1406,45,37,82,0.5487804878048781
2015,NYK,True,2.02,61.17999999999999,17.4,19.86,1.7400000000000002,5.88,0.1496,17,65,82,0.2073170731707317
2015,OKC,True,3.56,59.65999999999999,14.840000000000003,29.060000000000002,4.159999999999999,9.06,0.188,45,37,82,0.5487804878048781
2015,ORL,True,0.9,54.16000000000001,16.2,16.38,-0.12000000000000002,3.8200000000000003,0.1058,25,57,82,0.3048780487804878
2015,PHI,True,0.36,55.48,13.780000000000001,21.04,-0.5599999999999999,1.6600000000000001,0.099,18,64,82,0.21951219512195122
2015,PHO,True,2.5799999999999996,61.339999999999996,16.12,27.080000000000002,4.659999999999999,7.32,0.17840000000000003,39,43,82,0.47560975609756095
2015,POR,True,3.08,58.48,16.840000000000003,19.939999999999998,2.4,8.540000000000001,0.14940000000000003,51,31,82,0.6219512195121951
2015,SAC,True,1.78,59.8,16.54,22.54,1.86,4.7,0.1266,29,53,82,0.35365853658536583
2015,SAS,True,2.66,60.260000000000005,15.780000000000001,22.04,3.9200000000000004,6.5200000000000005,0.1742,55,27,82,0.6707317073170732
2015,TOR,True,2.36,57.68,15.62,24.84,2.7199999999999998,7.539999999999999,0.1568,49,33,82,0.5975609756097561
2015,UTA,True,1.02,56.279999999999994,16.46,21.32,0.3,3.8,0.1136,38,44,82,0.4634146341463415
2015,WAS,True,1.86,58.599999999999994,16.119999999999997,29.3,1.3599999999999999,6.06,0.1466,46,36,82,0.5609756097560976
2016,ATL,True,2.76,60.78,14.36,27.02,3.1,7.24,0.1758,48,34,82,0.5853658536585366
2016,BOS,True,1.1400000000000001,57.95999999999999,14.080000000000002,19.56,1.28,4.64,0.1526,48,34,82,0.5853658536585366
2016,BRK,True,0.9,53.839999999999996,12.88,21.2,-0.12000000000000002,3.6400000000000006,0.08960000000000001,21,61,82,0.25609756097560976
2016,CHI,True,2.54,56.24,13.98,21.34,2.4999999999999996,7.540000000000001,0.16660000000000003,42,40,82,0.5121951219512195
2016,CHO,True,1.6799999999999997,55.400000000000006,13.74,24.5,1.52,4.7,0.1258,48,34,82,0.5853658536585366
2016,CLE,True,3.04,58.81999999999999,14.920000000000002,27.82,3.3400000000000007,8.040000000000001,0.17120000000000002,57,25,82,0.6951219512195121
2016,DAL,True,1.92,60.3,14.520000000000001,24.339999999999996,2.5200000000000005,5.46,0.17099999999999999,42,40,82,0.5121951219512195
2016,DEN,True,0.72,53.74,15.62,22.279999999999998,0.11999999999999997,3.08,0.0974,33,49,82,0.4024390243902439
2016,DET,True,1.28,58.739999999999995,14.959999999999999,27.140000000000004,1.16,4.88,0.1474,44,38,82,0.5365853658536586
2016,GSW,True,3.7399999999999998,59.24,16.02,21.840000000000003,4.22,8.98,0.19180000000000003,73,9,82,0.8902439024390244
2016,HOU,True,3.0,57.99999999999999,15.940000000000001,25.279999999999998,3.04,7.660000000000001,0.1602,41,41,82,0.5
2016,IND,True,1.7600000000000002,54.339999999999996,15.7,25.4,1.8199999999999998,4.720000000000001,0.1518,45,37,82,0.5487804878048781
2016,LAC,True,3.6,61.13999999999999,17.36,27.440000000000005,3.5400000000000005,10.02,0.191,53,29,82,0.6463414634146342
2016,LAL,True,1.0399999999999998,55.34,12.780000000000001,17.36,0.38000000000000006,4.14,0.1202,17,65,82,0.2073170731707317
2016,MEM,True,2.38,61.620000000000005,15.84,25.2,3.3600000000000003,6.659999999999999,0.1806,42,40,82,0.5121951219512195
2016,MIA,True,1.5399999999999998,60.419999999999995,17.740000000000002,22.96,1.8199999999999998,4.4799999999999995,0.15860000000000002,48,34,82,0.5853658536585366
2016,MIL,True,1.38,58.24,14.040000000000001,26.160000000000004,1.3399999999999999,5.220000000000001,0.1418,33,49,82,0.4024390243902439
2016,MIN,True,0.6,57.99999999999999,15.080000000000002,25.419999999999998,0.11999999999999997,2.5,0.1078,29,53,82,0.35365853658536583
2016,NOP,True,2.34,58.879999999999995,16.3,32.0,2.5599999999999996,6.1,0.1554,30,52,82,0.36585365853658536
2016,NYK,True,0.64,54.64,14.6,18.2,-0.21999999999999997,2.7199999999999998,0.0946,32,50,82,0.3902439024390244
2016,OKC,True,2.4799999999999995,60.10000000000001,15.88,26.2,4.64,6.16,0.18280000000000002,55,27,82,0.6707317073170732
2016,ORL,True,1.4400000000000002,56.03999999999999,14.459999999999999,27.0,1.42,4.66,0.1298,35,47,82,0.4268292682926829
2016,PHI,True,0.56,55.61999999999999,11.4,26.440000000000005,-0.4,2.84,0.09280000000000001,10,72,82,0.12195121951219512
2016,PHO,True,2.0,59.76000000000001,16.819999999999997,26.76,1.5799999999999998,6.24,0.14800000000000002,23,59,82,0.2804878048780488
2016,POR,True,1.8,57.83999999999999,17.419999999999998,23.119999999999997,1.52,5.720000000000001,0.1484,44,38,82,0.5365853658536586
2016,SAC,True,1.7,65.27999999999999,18.96,23.240000000000002,5.1,4.42,0.1862,33,49,82,0.4024390243902439
2016,SAS,True,3.34,56.94000000000001,14.16,26.560000000000002,4.04,7.779999999999999,0.1726,67,15,82,0.8170731707317073
2016,TOR,True,2.06,59.78,19.46,18.3,2.2,6.58,0.1582,56,26,82,0.6829268292682927
2016,UTA,True,2.2,58.599999999999994,14.84,21.46,2.2,6.460000000000001,0.1656,40,42,82,0.4878048780487805
2016,WAS,True,1.8799999999999997,58.08000000000001,16.64,22.26,1.6599999999999997,5.78,0.1308,41,41,82,0.5
2017,ATL,True,1.7399999999999998,58.21999999999999,15.719999999999999,20.22,1.18,5.88,0.1422,43,39,82,0.524390243902439
2017,BOS,True,2.68,57.099999999999994,13.139999999999997,18.720000000000002,2.68,7.42,0.15999999999999998,53,29,82,0.6463414634146342
2017,BRK,True,0.8400000000000001,57.720000000000006,14.52,20.68,0.22000000000000003,3.96,0.1156,20,62,82,0.24390243902439024
2017,CHI,True,2.1,57.360000000000014,15.34,29.26,1.8200000000000003,5.959999999999999,0.1452,41,41,82,0.5
2017,CHO,True,2.16,59.019999999999996,13.719999999999999,22.18,1.7400000000000002,6.56,0.1542,36,46,82,0.43902439024390244
2017,CLE,True,3.14,68.53999999999999,26.7,25.8,11.7,8.34,0.5798000000000001,51,31,82,0.6219512195121951
2017,DAL,True,1.4,69.82,25.639999999999997,20.86,9.379999999999999,4.9,0.5496000000000001,33,49,82,0.4024390243902439
2017,DEN,True,1.8800000000000001,58.16000000000001,16.52,21.1,2.5199999999999996,5.779999999999999,0.1736,40,42,82,0.4878048780487805
2017,DET,True,1.6600000000000001,58.26,18.220000000000002,23.72,1.9,5.82,0.17720000000000002,37,45,82,0.45121951219512196
2017,GSW,True,5.36,62.6,19.259999999999998,25.1,6.4,11.5,0.23079999999999998,67,15,82,0.8170731707317073
2017,HOU,True,2.42,59.54999999999999,12.399999999999999,20.879999999999995,2.18,6.44,0.141,55,27,82,0.6707317073170732
2017,IND,True,2.08,64.48,14.26,25.96,2.66,5.4399999999999995,0.17160000000000003,42,40,82,0.5121951219512195
2017,LAC,True,2.8400000000000003,59.96,14.2,25.12,3.6,7.760000000000001,0.1844,51,31,82,0.6219512195121951
2017,LAL,True,0.8800000000000001,56.82000000000001,17.24,22.880000000000003,-0.27999999999999997,4.2,0.11180000000000001,26,56,82,0.3170731707317073
2017,MEM,True,1.44,59.33999999999999,13.14,19.919999999999998,2.3600000000000003,4.04,0.1238,43,39,82,0.524390243902439
2017,MIA,True,1.2399999999999998,58.11999999999999,15.4,16.68,0.86,4.720000000000001,0.14179999999999998,41,41,82,0.5
2017,MIL,True,1.8199999999999998,60.62,14.680000000000001,18.92,2.3200000000000003,5.659999999999999,0.1418,42,40,82,0.5121951219512195
2017,MIN,True,1.6800000000000002,59.959999999999994,16.7,27.360000000000003,1.4599999999999997,5.6,0.146,31,51,82,0.3780487804878049
2017,NOP,True,1.9599999999999997,56.279999999999994,16.54,29.079999999999995,2.2199999999999998,4.64,0.11600000000000002,34,48,82,0.4146341463414634
2017,NYK,True,1.2799999999999998,53.800000000000004,14.8,23.98,1.08,3.2600000000000002,0.0954,31,51,82,0.3780487804878049
2017,OKC,True,2.52,58.82000000000001,15.559999999999999,24.62,2.34,7.779999999999999,0.174,47,35,82,0.573170731707317
2017,ORL,True,1.26,61.34,16.18,19.259999999999998,0.8799999999999999,5.540000000000001,0.14420000000000002,29,53,82,0.35365853658536583
2017,PHI,True,0.6199999999999999,56.88000000000001,12.459999999999999,17.26,-0.22000000000000003,2.56,0.1032,28,54,82,0.34146341463414637
2017,PHO,True,0.78,57.55999999999999,18.0,21.220000000000002,0.37999999999999995,3.3199999999999994,0.11599999999999999,24,58,82,0.2926829268292683
2017,POR,True,2.26,57.46,16.04,23.68,1.8399999999999999,6.460000000000001,0.1398,41,41,82,0.5
2017,SAC,True,1.4,56.98000000000001,13.919999999999998,23.24,1.1199999999999999,4.42,0.1156,32,50,82,0.3902439024390244
2017,SAS,True,3.28,60.94,15.719999999999999,22.560000000000002,4.279999999999999,8.299999999999999,0.19820000000000002,61,21,82,0.7439024390243902
2017,TOR,True,2.5200000000000005,58.620000000000005,14.6,21.6,2.3,7.739999999999999,0.1708,51,31,82,0.6219512195121951
2017,UTA,True,2.26,57.440000000000005,14.52,20.520000000000003,1.98,6.92,0.15660000000000002,51,31,82,0.6219512195121951
2017,WAS,True,1.92,57.52,13.959999999999999,26.0,1.28,5.5,0.1256,49,33,82,0.5975609756097561
2018,ATL,True,0.9199999999999999,59.80000000000001,13.24,19.96,0.34,3.62,0.123,24,58,82,0.2926829268292683
2018,BOS,True,2.6399999999999997,57.400000000000006,12.7,24.839999999999996,2.5,7.019999999999999,0.15540000000000004,55,27,82,0.6707317073170732
2018,BRK,True,0.7,58.43999999999999,13.76,22.98,-0.06000000000000005,3.3800000000000003,0.10200000000000001,28,54,82,0.34146341463414637
2018,CHI,True,0.72,58.739999999999995,15.84,18.479999999999997,-0.019999999999999997,3.4,0.1196,27,55,82,0.32926829268292684
2018,CHO,True,2.02,60.18,16.639999999999997,20.36,1.4,6.56,0.1444,36,46,82,0.43902439024390244
2018,CLE,True,3.72,62.92,15.219999999999999,28.82,4.54,9.16,0.18980000000000002,50,32,82,0.6097560975609756
2018,DAL,True,0.86,60.3,15.559999999999999,25.96,1.58,3.5599999999999996,0.1618,24,58,82,0.2926829268292683
2018,DEN,True,2.24,60.28,15.959999999999999,21.979999999999997,2.64,5.959999999999999,0.1598,46,36,82,0.5609756097560976
2018,DET,True,1.94,58.919999999999995,19.18,27.2,2.62,5.86,0.1776,39,43,82,0.47560975609756095
2018,GSW,True,4.02,63.1,15.879999999999999,25.34,5.200000000000001,9.36,0.21539999999999998,58,24,82,0.7073170731707317
2018,HOU,True,3.5199999999999996,68.96,14.76,32.879999999999995,6.02,8.540000000000001,0.25120000000000003,65,17,82,0.7926829268292683
2018,IND,True,1.08,57.06,13.680000000000001,20.7,0.040000000000000015,4.779999999999999,0.11199999999999999,48,34,82,0.5853658536585366
2018,LAC,True,2.8000000000000003,63.44,19.640000000000004,19.839999999999996,4.18,7.68,0.2064,42,40,82,0.5121951219512195
2018,LAL,True,2.2399999999999998,60.20000000000001,15.540000000000001,22.240000000000002,2.08,5.819999999999999,0.1336,35,47,82,0.4268292682926829
2018,MEM,True,2.38,59.68,14.98,27.5,3.0799999999999996,6.0600000000000005,0.1608,22,60,82,0.2682926829268293
2018,MIA,True,2.3,58.52,15.16,22.52,2.16,6.4,0.13999999999999999,44,38,82,0.5365853658536586
2018,MIL,True,2.7,59.28,16.259999999999998,27.26,3.3600000000000003,6.279999999999999,0.1524,44,38,82,0.5365853658536586
2018,MIN,True,3.28,59.160000000000004,15.339999999999998,26.540000000000003,2.86,8.9,0.16119999999999998,47,35,82,0.573170731707317
2018,NOP,True,2.68,57.699999999999996,17.4,32.04,3.28,5.540000000000001,0.1336,48,34,82,0.5853658536585366
2018,NYK,True,1.2,61.760000000000005,18.080000000000002,20.86,0.8200000000000001,4.64,0.13399999999999998,29,53,82,0.35365853658536583
2018,OKC,True,3.2600000000000002,59.519999999999996,14.24,23.94,4.76,7.12,0.178,48,34,82,0.5853658536585366
2018,ORL,True,1.2200000000000002,56.03999999999999,15.38,21.64,0.6,3.84,0.1066,25,57,82,0.3048780487804878
2018,PHI,True,1.1600000000000001,63.5,15.0,29.0,3.2600000000000002,4.119999999999999,0.184,52,30,82,0.6341463414634146
2018,PHO,True,1.6,61.45,27.240000000000002,26.18,1.48,4.7,0.1442,21,61,82,0.25609756097560976
2018,POR,True,1.8,59.179999999999986,16.0,21.479999999999997,1.06,5.18,0.1202,49,33,82,0.5975609756097561
2018,SAC,True,1.02,57.33999999999999,16.32,15.459999999999999,0.86,3.72,0.11579999999999999,27,55,82,0.32926829268292684
2018,SAS,True,2.84,58.68,13.219999999999999,22.880000000000003,3.7400000000000007,7.140000000000001,0.1754,47,35,82,0.573170731707317
2018,TOR,True,2.28,61.74000000000001,14.939999999999998,22.84,2.82,6.960000000000001,0.1708,59,23,82,0.7195121951219512
2018,UTA,True,2.1599999999999997,59.58,14.2,24.879999999999995,1.6400000000000001,7.18,0.1476,48,34,82,0.5853658536585366
2018,WAS,True,2.5799999999999996,60.480000000000004,14.339999999999998,27.079999999999995,1.8199999999999998,7.519999999999999,0.14479999999999998,43,39,82,0.524390243902439
2019,ATL,True,0.8400000000000001,60.980000000000004,16.88,24.240000000000002,0.6199999999999999,3.7,0.1442,29,53,82,0.35365853658536583
2019,BOS,True,2.62,59.34,16.28,23.2,3.72,6.779999999999999,0.1794,49,33,82,0.5975609756097561
2019,BRK,True,1.1400000000000001,59.75999999999999,16.759999999999998,25.72,0.33999999999999997,4.62,0.1316,42,40,82,0.5121951219512195
2019,CHI,True,1.2,58.099999999999994,13.460000000000003,26.9,0.6,3.7,0.11120000000000001,22,60,82,0.2682926829268293
2019,CHO,True,1.9,58.620000000000005,13.560000000000002,25.639999999999997,1.3599999999999999,5.12,0.1256,39,43,82,0.47560975609756095
2019,CLE,True,1.1400000000000001,64.68,16.58,23.86,1.6,3.6799999999999997,0.1648,19,63,82,0.23170731707317074
2019,DAL,True,1.5999999999999999,61.980000000000004,16.7,28.02,1.8,5.699999999999999,0.16360000000000002,33,49,82,0.4024390243902439
2019,DEN,True,2.3,62.949999999999996,14.319999999999999,26.9,3.900000000000001,6.359999999999999,0.1784,54,28,82,0.6585365853658537
2019,DET,True,1.6800000000000002,60.35999999999999,16.779999999999998,23.880000000000003,1.56,5.34,0.1396,41,41,82,0.5
2019,GSW,True,3.2399999999999998,65.9,15.8,24.939999999999998,5.0600000000000005,7.040000000000001,0.189,57,25,82,0.6951219512195121
2019,HOU,True,3.3,61.53999999999999,16.08,28.140000000000004,4.220000000000001,8.88,0.2182,53,29,82,0.6463414634146342
2019,IND,True,2.64,68.34,18.9,22.34,4.6,6.3,0.2184,48,34,82,0.5853658536585366
2019,LAC,True,1.5,61.03999999999999,18.94,17.880000000000003,2.4,4.8999999999999995,0.17319999999999997,48,34,82,0.5853658536585366
2019,LAL,True,2.5799999999999996,63.80000000000001,15.559999999999999,30.440000000000005,3.2399999999999998,6.180000000000001,0.165,37,45,82,0.45121951219512196
2019,MEM,True,1.9400000000000002,61.5,18.199999999999996,24.12,3.6,5.039999999999999,0.1666,33,49,82,0.4024390243902439
2019,MIA,True,1.6800000000000002,59.239999999999995,15.559999999999999,21.939999999999998,1.52,5.3,0.14800000000000002,39,43,82,0.47560975609756095
2019,MIL,True,2.7399999999999998,59.85999999999999,16.1,27.020000000000003,2.7600000000000002,7.08,0.1464,60,22,82,0.7317073170731707
2019,MIN,True,3.0,61.82,13.86,22.46,2.9200000000000004,8.559999999999999,0.1674,36,46,82,0.43902439024390244
2019,NOP,True,2.3,60.94,16.46,25.720000000000006,2.1,6.959999999999999,0.1568,33,49,82,0.4024390243902439
2019,NYK,True,1.3199999999999998,60.0,18.74,25.1,1.7,5.220000000000001,0.1626,17,65,82,0.2073170731707317
2019,OKC,True,2.6799999999999997,58.80000000000001,14.579999999999998,28.160000000000004,2.22,7.4799999999999995,0.1582,49,33,82,0.5975609756097561
2019,ORL,True,0.9799999999999999,57.24,13.74,21.72,0.26000000000000006,3.44,0.1086,42,40,82,0.5121951219512195
2019,PHI,True,3.1000000000000005,61.13999999999999,18.919999999999998,26.860000000000003,4.28,7.5,0.20299999999999999,51,31,82,0.6219512195121951
2019,PHO,True,1.08,59.699999999999996,14.9,19.859999999999996,0.66,4.279999999999999,0.1348,19,63,82,0.23170731707317074
2019,POR,True,2.7199999999999998,65.02000000000001,17.3,17.4,2.9400000000000004,7.220000000000001,0.187,53,29,82,0.6463414634146342
2019,SAC,True,0.96,56.64,14.76,18.56,0.2,3.5,0.1024,39,43,82,0.47560975609756095
2019,SAS,True,2.2600000000000002,60.47999999999999,14.319999999999999,17.18,2.8,7.24,0.1766,48,34,82,0.5853658536585366
2019,TOR,True,2.54,60.96,25.759999999999998,24.6,4.92,6.459999999999999,0.189,58,24,82,0.7073170731707317
2019,UTA,True,2.2,80.5,16.919999999999998,24.68,50.739999999999995,6.840000000000001,0.6896000000000001,50,32,82,0.6097560975609756
2019,WAS,True,2.22,60.0,17.619999999999997,25.16,2.4200000000000004,6.419999999999999,0.1436,32,50,82,0.3902439024390244
2020,ATL,True,0.8400000000000001,61.78,14.14,29.7,0.3,3.7399999999999998,0.12699999999999997,20,47,67,0.29850746268656714
2020,BOS,True,1.8200000000000003,61.67999999999999,13.9,20.5,1.6800000000000002,5.220000000000001,0.1584,48,24,72,0.6666666666666666
2020,BRK,True,2.2199999999999998,62.42000000000001,14.520000000000001,25.520000000000003,2.3200000000000003,6.459999999999999,0.15419999999999998,35,37,72,0.4861111111111111
2020,CHI,True,1.1800000000000002,57.78,13.8,22.779999999999998,0.8999999999999998,4.16,0.1,22,43,65,0.3384615384615385
2020,CHO,True,0.78,59.02,14.76,17.8,-0.15999999999999998,3.5,0.12279999999999999,23,42,65,0.35384615384615387
2020,CLE,True,1.3,57.16,20.839999999999996,21.360000000000003,1.6199999999999999,4.32,0.1338,19,46,65,0.2923076923076923
2020,DAL,True,1.9400000000000002,62.85999999999999,15.02,28.419999999999998,2.68,5.18,0.1624,43,32,75,0.5733333333333334
2020,DEN,True,2.7800000000000002,59.239999999999995,17.38,23.04,2.9999999999999996,7.4399999999999995,0.1652,46,27,73,0.6301369863013698
2020,DET,True,2.08,57.36,16.94,24.259999999999998,2.48,5.92,0.1504,20,46,66,0.30303030303030304
2020,GSW,True,2.6,59.52,14.38,24.96,2.62,6.34,0.1472,15,50,65,0.23076923076923078
2020,HOU,True,3.72,63.080000000000005,15.419999999999998,23.300000000000004,4.58,8.28,0.16799999999999998,44,28,72,0.6111111111111112
2020,IND,True,1.98,61.480000000000004,15.64,22.14,2.88,5.72,0.16660000000000003,45,28,73,0.6164383561643836
2020,LAC,True,3.56,61.28,16.32,22.880000000000003,4.4,8.04,0.18660000000000004,49,23,72,0.6805555555555556
2020,LAL,True,2.92,61.78,15.800000000000002,26.0,4.119999999999999,6.5,0.1698,52,19,71,0.7323943661971831
2020,MEM,True,0.8400000000000001,58.88000000000001,14.280000000000001,21.699999999999996,0.9199999999999999,3.2399999999999998,0.1316,34,39,73,0.4657534246575342
2020,MIA,True,1.6200000000000003,61.280000000000015,14.460000000000003,20.2,1.8400000000000003,5.34,0.1524,44,29,73,0.6027397260273972
2020,MIL,True,3.08,59.78,13.459999999999999,23.48,3.5400000000000005,7.859999999999999,0.175,56,17,73,0.7671232876712328
2020,MIN,True,2.2399999999999998,59.5,16.52,27.060000000000002,2.7399999999999998,5.24,0.1338,19,45,64,0.296875
2020,NOP,True,1.5399999999999998,59.02,11.999999999999998,20.44,0.9800000000000001,4.7,0.123,30,42,72,0.4166666666666667
2020,NYK,True,1.2,61.239999999999995,14.86,24.32,1.02,5.039999999999999,0.1434,21,45,66,0.3181818181818182
2020,OKC,True,2.02,59.160000000000004,13.319999999999999,21.880000000000003,2.26,6.299999999999999,0.1648,44,28,72,0.6111111111111112
2020,ORL,True,2.32,63.84000000000001,16.66,25.48,2.36,6.4399999999999995,0.186,33,40,73,0.4520547945205479
2020,PHI,True,2.96,60.399999999999984,15.8,26.020000000000003,3.28,7.0,0.1546,43,30,73,0.589041095890411
2020,PHO,True,0.96,60.35999999999999,15.84,24.939999999999998,0.24,3.8400000000000007,0.1254,34,39,73,0.4657534246575342
2020,POR,True,2.54,57.099999999999994,17.759999999999998,18.3,2.44,6.9399999999999995,0.1584,35,39,74,0.47297297297297297
2020,SAC,True,1.64,59.92000000000001,16.04,21.14,1.1199999999999999,4.86,0.1278,31,41,72,0.4305555555555556
2020,SAS,True,1.8000000000000003,61.9,15.52,20.220000000000002,1.44,5.780000000000001,0.1572,32,39,71,0.4507042253521127
2020,TOR,True,1.9599999999999997,60.099999999999994,14.74,21.520000000000003,2.1999999999999997,6.039999999999999,0.1578,53,19,72,0.7361111111111112
2020,UTA,True,2.96,62.96000000000001,17.6,25.8,2.7,8.180000000000001,0.1758,44,28,72,0.6111111111111112
2020,WAS,True,1.52,63.480000000000004,13.2,27.840000000000003,5.319999999999999,4.18,0.18180000000000002,25,47,72,0.3472222222222222
2021,ATL,True,1.9400000000000002,61.8,14.419999999999998,29.2,2.4799999999999995,5.220000000000001,0.1524,41,31,72,0.5694444444444444
2021,BOS,True,2.2399999999999998,66.86,17.9,22.54,4.5200000000000005,5.760000000000001,0.197,36,36,72,0.5
2021,BRK,True,3.5799999999999996,67.10000000000001,19.839999999999996,33.22,5.62,8.559999999999999,0.22479999999999997,48,24,72,0.6666666666666666
2021,CHI,True,1.6199999999999999,62.91999999999999,15.48,19.82,1.9,4.74,0.1506,31,41,72,0.4305555555555556
2021,CHO,True,1.04,58.33999999999999,13.14,21.759999999999998,0.32,3.8400000000000007,0.121,33,39,72,0.4583333333333333
2021,CLE,True,1.5,68.35,23.779999999999998,22.5,3.02,4.92,0.2116,22,50,72,0.3055555555555556
2021,DAL,True,2.08,62.660000000000004,16.14,24.32,2.7,5.62,0.1668,42,30,72,0.5833333333333334
2021,DEN,True,2.1,63.3,17.04,23.840000000000003,2.88,5.36,0.1794,47,25,72,0.6527777777777778
2021,DET,True,0.9800000000000001,63.519999999999996,13.36,25.580000000000002,1.7,3.4,0.155,20,52,72,0.2777777777777778
2021,GSW,True,0.6199999999999999,58.64,13.98,25.04,0.6799999999999999,2.9,0.10740000000000001,39,33,72,0.5416666666666666
2021,HOU,True,2.3600000000000003,63.1,15.5,27.54,3.5599999999999996,5.9,0.1722,17,55,72,0.2361111111111111
2021,IND,True,1.7399999999999998,60.31999999999999,13.34,27.439999999999998,1.58,5.279999999999999,0.1346,34,38,72,0.4722222222222222
2021,LAC,True,2.38,60.63999999999999,15.320000000000002,26.360000000000003,4.36,5.62,0.19039999999999999,47,25,72,0.6527777777777778
2021,LAL,True,3.22,69.06000000000002,19.5,24.74,4.4,7.12,0.21280000000000002,42,30,72,0.5833333333333334
2021,MEM,True,1.3599999999999999,64.18,15.84,28.5,2.48,4.46,0.1586,38,34,72,0.5277777777777778
2021,MIA,True,2.24,66.19999999999999,17.839999999999996,23.38,3.3800000000000003,6.36,0.2036,40,32,72,0.5555555555555556
2021,MIL,True,2.9400000000000004,58.9,13.84,28.96,4.14,6.56,0.17880000000000001,46,26,72,0.6388888888888888
2021,MIN,True,1.1800000000000002,61.08,14.52,29.46,1.9600000000000002,3.02,0.1254,23,49,72,0.3194444444444444
2021,NOP,True,1.6600000000000001,63.64000000000001,15.36,24.32,1.92,5.0,0.1558,31,41,72,0.4305555555555556
2021,NYK,True,1.26,63.080000000000005,15.580000000000002,29.48,1.6600000000000001,3.9,0.1472,41,31,72,0.5694444444444444
2021,OKC,True,1.3800000000000001,61.1,17.0,18.08,1.6,4.38,0.1604,22,50,72,0.3055555555555556
2021,ORL,True,1.4,63.17999999999999,16.54,24.72,1.34,4.2,0.14700000000000002,21,51,72,0.2916666666666667
2021,PHI,True,1.98,65.92,19.0,20.619999999999997,2.6600000000000006,6.0,0.2,49,23,72,0.6805555555555556
2021,PHO,True,1.7999999999999996,63.440000000000005,13.9,22.0,1.94,5.580000000000001,0.14579999999999999,51,21,72,0.7083333333333334
2021,POR,True,2.18,61.9,17.419999999999998,20.08,2.7399999999999998,5.82,0.18119999999999997,42,30,72,0.5833333333333334
2021,SAC,True,1.86,65.92,18.860000000000003,21.3,2.08,5.54,0.17160000000000003,31,41,72,0.4305555555555556
2021,SAS,True,1.5,64.02,16.04,20.6,1.8200000000000003,4.5600000000000005,0.1502,33,39,72,0.4583333333333333
2021,TOR,True,2.0599999999999996,63.480000000000004,16.46,21.66,2.56,5.8,0.17760000000000004,27,45,72,0.375
2021,UTA,True,1.94,64.4,16.3,20.04,2.0799999999999996,5.88,0.1686,52,20,72,0.7222222222222222
2021,WAS,True,1.3800000000000001,65.84,15.520000000000001,25.32,1.4200000000000002,3.8200000000000003,0.1344,34,38,72,0.4722222222222222
